name,imo,date_designated,flag_at_designation,flag_after,new_name,days_to_hop,first_hop_date,registry_confirmed
LONG BAI,9388754,21/07/2025,,RUS,TRADER,1,2025-07-22,False
IMO 9333785 ('SEADAR'),9333785,16/06/2026,Barbados,SLE,SEADAR,2,2026-06-18,False
IMO 9408542 ('LING HONG'),9408542,16/06/2026,Panama,SLE,TONG TU,2,2026-06-18,False
YANHU,9297357,12/09/2025,Russia,RUS,NOVATOR,3,2025-09-15,False
JIN HUI,9430272,24/02/2026,Panama,SYR,JIN HUI,3,2026-02-27,False
NS ASIA,9413561,11/09/2024,Gabon,BRB,ALLIANCE,4,2024-09-15,False
NS CORONA,9341079,11/09/2024,Gabon,BRB,CAPELLA,5,2024-09-16,True
SCF AMUR,9333436,31/07/2024,Gabon,BRB,SUCCESS,6,2024-08-06,True
NS LOTUS,9339337,31/07/2024,Gabon,BRB,LEGACY,7,2024-08-07,True
SHAANXI,9338905,09/05/2025,Gabon,PLW,PATE,7,2025-05-16,False
DESTAMAR,9253894,21/07/2025,Antigua and Barbuda,BEN,DESTAMAR,7,2025-07-28,False
TANGO,9292058,12/09/2025,Comoros,GMB,TANGO,7,2025-09-19,False
MIANZIMU,9299666,17/12/2024,Gabon,DJI,DASHAN,8,2024-12-25,False
BULL,9292503,17/12/2024,Antigua and Barbuda,SLE,BULL,8,2024-12-25,False
FENGHUANG,9236248,24/02/2026,,CMR,FENGHUANG,8,2026-03-04,False
ATTICA,9436941,25/11/2024,Gabon,BES,YI MENG SHAN,10,2024-12-05,False
IZOLA,9249312,09/05/2025,Barbados,COM,IZOLA,10,2025-05-19,False
MARABELLA SUN,9323376,09/05/2025,,COM,MARABELLA SUN,10,2025-05-19,False
HUIHAI PACIFIC,9346732,21/07/2025,,MWI,TK SCORPIO,10,2025-07-31,False
GARASAN,9323986,17/12/2024,Gabon,GNB,GARASAN,11,2024-12-28,False
TURACO,9247780,21/07/2025,,BES,TAWANNA,11,2025-08-01,False
VIRAT,9832559,12/09/2025,,GMB,VIRAT,11,2025-09-23,False
MANASLU,9388027,24/02/2026,,MDG,MANASLU,11,2026-03-07,False
NIKOLAY ZUYEV,9610781,11/09/2024,Gabon,BRB,ZENITH,12,2024-09-23,True
Vladimir Tikhonov,9311622,11/09/2024,Gabon,BRB,VANGUARD,12,2024-09-23,True
NS BORA,9412335,17/10/2024,Gabon,BRB,BOLERO,12,2024-10-29,True
MARATHON,9288746,17/12/2024,Gabon,DJI,UDAYA,12,2024-12-29,False
JACKLYN,9313498,15/10/2025,,CMR,JACKLYN,12,2025-10-27,False
GUANYIN,9299707,24/02/2026,,MDG,GUANYIN,12,2026-03-08,False
SCF Vankor,9316127,11/09/2024,Gabon,BRB,VEGA,13,2024-09-24,False
ATALANTA,9319882,25/11/2024,Gabon,GNB,ARYABHATA,13,2024-12-08,False
ARGENT,9293002,09/05/2025,Guinea-Bissau,COM,BLINT,13,2025-05-22,False
NAUTILUS,9434890,20/05/2025,Barbados,VUT,NAUTILUS,13,2025-06-02,False
SABINA,9524451,12/09/2025,,GMB,SABINA,13,2025-09-25,False
GELOR,9185528,15/10/2025,Panama,CMR,GELOR,13,2025-10-28,False
KOROLEV PROSPECT,9826902,31/07/2024,Gabon,BRB,GALAXY,14,2024-08-14,True
OLYMPIYSKY PROSPECT,9511387,11/09/2024,Gabon,BRB,OLYMPUS,14,2024-09-25,False
SCF SAMOTLOR,9421972,17/10/2024,Gabon,BRB,SATURN,14,2024-10-31,False
LEA I,9277759,09/05/2025,Liberia,PLW,LARK,14,2025-05-23,False
HANSON,9237412,24/02/2026,,MOZ,HANSON,14,2026-03-10,False
PRIMORSKY PROSPECT,9511533,31/07/2024,Gabon,BRB,RIGEL,15,2024-08-15,True
FIGHTER TWO,9296391,31/07/2024,Cook Islands,BRB,PETA LUMINA,16,2024-08-16,False
KYLO,9189146,17/06/2025,Cook Islands,COM,NOXEN,16,2025-07-03,True
LILY,9294331,21/07/2025,Panama,MOZ,LILY,16,2025-08-06,False
JAZZ,9337327,17/06/2025,Panama,PLW,WEST HORIZON,17,2025-07-04,False
VAULT,9310707,21/07/2025,Panama,AGO,AGATE,17,2025-08-07,True
SUVOROVSKY PROSPECT,9522324,17/10/2024,Gabon,BRB,SIERRA,18,2024-11-04,False
EMILY S,9321847,25/11/2024,Panama,STP,AREIA,18,2024-12-13,False
LACONIA,9257022,17/12/2024,Gabon,DJI,STARLIT,18,2025-01-04,False
WISDOMS DAUGHTER,9332834,24/02/2025,Gabon,PAN,SOORAJ,18,2025-03-14,False
SCF Baltica,9305568,11/09/2024,Gabon,BRB,BREEZE,19,2024-09-30,False
TEMIRO,9209972,24/02/2025,Palau,CMR,TEMIRO,19,2025-03-15,False
VIKTOR TITOV,9301407,24/02/2025,Panama,COM,VIKTOR TITOV,19,2025-03-15,False
SAURI,9266475,24/02/2025,Palau,CMR,MT SAURI,19,2025-03-15,False
PACIFIC 01,9395379,21/07/2025,Panama,CMR,FORTIS,19,2025-08-09,False
OCEAN AMZ,9394935,31/07/2024,Cook Islands,BRB,OZANNO,20,2024-08-20,False
CANIS POWER,9289520,31/07/2024,Cook Islands,BRB,N CERNA,20,2024-08-20,False
SKY RIDER,9208124,21/07/2025,Palau,CMR,SKY RIDER,20,2025-08-10,True
OXIS,9224805,12/09/2025,Cameroon,GMB,OXIS,20,2025-10-02,False
MYRA,9336490,24/02/2026,,MDG,MYRA,20,2026-03-16,True
VARUNA,9332810,17/10/2024,Gabon,DJI,KIWALA,21,2024-11-07,False
CEPHEUS,9299721,25/11/2024,Panama,STP,LEONA,21,2024-12-16,False
THORIN,9330472,17/06/2025,Panama,SLE,THORIN,21,2025-07-08,False
LOTUS,9392822,21/07/2025,,TON,LOTUS,21,2025-08-11,False
CHONGCHON,9294123,24/02/2026,,GNQ,CHONGCHON,21,2026-03-17,False
NEMRUT,9439541,24/02/2026,,MDG,NEMRUT,21,2026-03-17,False
TAGOR,9282481,24/02/2026,,MDG,TAGOR,21,2026-03-17,False
NS ARCTIC,9413547,17/10/2024,Gabon,BRB,ALTAIR,22,2024-11-08,False
SCF BAIKAL,9422457,17/10/2024,Gabon,BRB,BLOSSOM,22,2024-11-08,False
NEOMI,9250543,25/11/2024,Panama,GIN,INVICTA,22,2024-12-17,False
THEA,9290309,25/11/2024,Panama,STP,HULDA,22,2024-12-17,False
EDERRA,9258026,24/02/2025,Palau,CMR,EDERRA,22,2025-03-18,False
Bonifacy,9284726,09/05/2025,Palau,CMR,BONIFACY,22,2025-05-31,False
LIETO,9389679,20/05/2025,Barbados,VUT,LIETO,22,2025-06-11,False
LEBRE,9255672,17/06/2025,Barbados,SLE,LEBRE,22,2025-07-09,False
CINDY,9270517,21/07/2025,Barbados,CMR,CINDY,22,2025-08-12,False
MONARCH I,9377779,15/10/2025,Panama,RUS,VOZROZHDENIYE,22,2025-11-06,False
VIPER,9299874,17/06/2025,Panama,PLW,VIREL,23,2025-07-10,False
HANNAH,9261619,21/07/2025,Panama,MOZ,HANNAH,23,2025-08-13,False
NS CLIPPER,9341081,11/09/2024,Gabon,BRB,CASSIOPEIA,24,2024-10-05,True
GURU,9353096,25/11/2024,Gabon,DJI,MADHAV,24,2024-12-19,False
NANDA DEVI,9274434,25/11/2024,Gabon,DJI,SINDHU,24,2024-12-19,False
LEOPARD,9284594,20/05/2025,Vietnam,BES,OCEAN RIVER,24,2025-06-13,False
ADYGEYA,9292204,31/07/2024,Gabon,BRB,ANDROMEDA,25,2024-08-25,False
LEONID LOZA,9412347,11/09/2024,Gabon,BRB,LEO,25,2024-10-06,True
YURI SENKEVICH,9301419,24/02/2025,Panama,COM,YURI SENKEVICH,25,2025-03-21,False
EASTERN GLORY,9319674,24/02/2025,Gabon,DJI,NIGHT GLORY,25,2025-03-21,False
GREAT JACOMBO,9319703,24/02/2025,Gabon,DJI,DIVYA,25,2025-03-21,False
YANGTZE,9274800,24/02/2025,Gabon,DJI,ASTRAL 1,25,2025-03-21,False
PIER,9273442,21/07/2025,Barbados,GMB,BLUE EMBER,25,2025-08-15,False
KATIUSKA,9236004,21/07/2025,Panama,GMB,KAIROS,25,2025-08-15,False
OLIVE,9318034,09/05/2025,,STP,SARD,26,2025-06-04,False
ANTAEUS,9299733,17/10/2024,Gabon,DJI,NAGARJUNA,27,2024-11-13,False
MU DAN,9248801,17/12/2024,Panama,DJI,ASCENDANT,27,2025-01-13,False
HATTI,9247883,09/05/2025,Barbados,VUT,HATTI,27,2025-06-05,True
KUSTO,9308833,09/05/2025,Panama,SLE,KUSTO,27,2025-06-05,False
ZALIV VOSTOK,9360130,21/07/2025,Barbados,OMN,ZALIV VOSTOK,27,2025-08-17,False
QUARTANUS,9247443,09/05/2025,,GMB,MAGNUS,28,2025-06-06,True
OCEAN II,9233777,15/10/2025,Antigua and Barbuda,CMR,OCEAN II,28,2025-11-12,False
FENG SHOU,9402471,25/11/2024,Panama,DJI,APAR,29,2024-12-24,False
PONTUS I,9255660,17/12/2024,Panama,GMB,SERENA,29,2025-01-15,False
NICHOLE,9332822,24/02/2025,Panama,GMB,NICHOLE,29,2025-03-25,False
SPIRIT 2,9409259,17/06/2025,Panama,PLW,SPIRIT 2,29,2025-07-16,False
MARQUISE,9315745,15/10/2025,Barbados,CMR,MARQUISE,29,2025-11-13,False
ROCKY RUNNER,9288899,31/07/2024,Cook Islands,BRB,LORENA GRAND,30,2024-08-30,False
CARCHARODON,9258882,09/05/2025,Palau,BES,CARCHARODON,30,2025-06-08,False
TRANQUIL SEA,9323340,15/10/2025,Honduras,SLE,TRANQUIL SEA,30,2025-11-14,False
DYNAMIK TRADER,9286657,31/07/2024,Cook Islands,BRB,LOKOSAO,31,2024-08-31,False
ARIADNE,9289752,25/11/2024,Gabon,DJI,SAVITRI,31,2024-12-26,False
VICTOR KONETSKY,9301421,24/02/2025,Panama,COM,VICTOR KONETSKY,31,2025-03-27,False
AKAR WEST,9258167,09/05/2025,Barbados,GMB,AKAR WEST,31,2025-06-09,False
KUNPENG,9247194,24/02/2026,Panama,SLE,KUNPENG,31,2026-03-27,True
E MEI SHAN,9290828,09/05/2025,Panama,STP,DORIN,32,2025-06-10,False
JAVA,9298595,17/06/2025,Panama,GMB,DORRY,32,2025-07-19,False
MOSKOVSKY PROSPECT,9511521,17/10/2024,Gabon,BRB,MERIDIAN,33,2024-11-19,False
ELECTRA,9307815,24/02/2025,Gabon,DJI,TASTA,33,2025-03-29,False
CORUM,9544281,24/02/2025,Panama,COM,CORUS,33,2025-03-29,False
EVITA,9408530,17/06/2025,Barbados,PLW,EVITA,33,2025-07-20,False
KHALASI,9293997,15/10/2025,Gabon,SLE,KHALASI,33,2025-11-17,False
BLUEBELL,9251810,24/02/2026,Mozambique,GNQ,BLUEBELL,33,2026-03-29,False
AGNES,9314167,25/11/2024,Panama,GUY,AGNES,34,2024-12-29,False
NIKOLAY ZADORNOV,9901037,24/02/2025,Panama,COM,NIKOLAY ZADORNOV,34,2025-03-30,False
AFKADA,9311531,09/05/2025,Gabon,MWI,REINEL,34,2025-06-12,False
IMO 9290385 ('ELBUS'),9290385,16/06/2026,,RUS,DERZHAVA,34,2026-07-20,False
SCF PECHORA,9333424,31/07/2024,Gabon,BRB,PHOENIX,35,2024-09-04,False
CHILLI,9249130,25/11/2024,Antigua and Barbuda,SLE,PEACE,35,2024-12-30,False
Beast,9290921,09/05/2025,Palau,TZA,BEAST,35,2025-06-13,False
WUDI,9335094,09/05/2025,Panama,PLW,VARG,35,2025-06-13,False
RAVEN,9205067,09/05/2025,Barbados,SLE,RAVEN,35,2025-06-13,False
ARABESCA,9288734,09/05/2025,Cook Islands,SLE,ARABESCA,35,2025-06-13,False
OSCAR I,9314820,15/10/2025,,SLE,OSAR,35,2025-11-19,False
INNOVATOR,9306809,24/02/2026,China,CMR,LAYLA,35,2026-03-31,False
NS COMMANDER,9306794,31/07/2024,Gabon,BRB,CONSTELLATION,36,2024-09-05,False
MINERVA M,9282479,17/12/2024,Panama,STP,OLINA,36,2025-01-22,False
IONIA,9310525,24/02/2025,Gabon,DJI,OILSTAR,36,2025-04-01,False
FU HAI WAN,9368235,24/02/2025,Panama,DJI,FU HAI WAN,36,2025-04-01,False
CORDELIA MOON,9297888,09/05/2025,Panama,PLW,WALRUS,36,2025-06-14,False
FIORA,9282493,09/05/2025,,GMB,ASTERI,36,2025-06-14,False
LION 1,9384069,15/10/2025,Panama,CMR,LION I,36,2025-11-20,False
IMO 9439383 ('BHILVA'),9439383,16/06/2026,,RUS,ONIKS,36,2026-07-22,False
TORONTO,8808525,20/05/2025,Liberia,PLW,BRONCO,37,2025-06-26,False
MINION,9389095,15/10/2025,Panama,RUS,TRIUMF,37,2025-11-21,False
FOTUO,9293959,09/05/2025,Liberia,BEN,FOTUO,38,2025-06-16,False
CANARA,9411331,21/07/2025,Comoros,GMB,CANARA,38,2025-08-28,False
FIRN,9224441,15/10/2025,Panama,CMR,GRUS I,38,2025-11-22,False
SPRIT,9248796,09/05/2025,Barbados,PLW,IRON WAVE,39,2025-06-17,False
TIBURON,9283291,09/05/2025,Barbados,SLE,TIBURON,39,2025-06-17,False
MONTE 1,9297553,17/06/2025,Panama,BEN,MONTE 1,39,2025-07-26,False
UNIVERSAL,9384306,21/07/2025,Comoros,RUS,UNIVERSAL,39,2025-08-29,False
KATY,9323326,24/02/2026,,RUS,MELISSA,39,2026-04-04,False
TASSOS,9408695,24/02/2026,,MDG,TASSOS,39,2026-04-04,False
THEMIS,9264570,09/05/2025,Panama,PLW,NAYARA,40,2025-06-18,False
VENETIANS,9436018,09/05/2025,Panama,PLW,OCEAN PEARL,40,2025-06-18,False
ARABELA,9253313,20/05/2025,Barbados,SLE,MATARI,40,2025-06-29,False
Cai Yun,9437983,09/05/2025,Panama,MWI,CAI YUN,41,2025-06-19,False
DELIVER,9194983,09/05/2025,,GMB,DELIVER,42,2025-06-20,False
TRUST,9382798,21/07/2025,Comoros,GMB,TRUST,42,2025-09-01,False
SEASONS I,9308950,15/10/2025,Panama,CMR,SEASONS I,42,2025-11-26,False
MAIN,9387255,20/05/2025,Barbados,PLW,AZURE,43,2025-07-02,False
SIKAR,9419137,21/07/2025,Comoros,GMB,SIKAR,43,2025-09-02,False
MAKALU,9314105,21/07/2025,Comoros,GMB,MAKALU,43,2025-09-02,True
FIORA,9255684,15/10/2025,,CMR,NANJING,43,2025-11-27,False
NAXOS,9336426,09/05/2025,,PLW,SELVA,44,2025-06-22,False
SAKARYA,9524463,21/07/2025,Comoros,GMB,SATARA,44,2025-09-03,False
STELLAR BEVERLY,9208069,21/07/2025,Panama,MOZ,STELLAR BEVERLY,44,2025-09-03,False
TALISMAN,9292060,21/07/2025,Comoros,GMB,TALISMAN,44,2025-09-03,False
WALL,9299886,21/07/2025,Panama,VUT,JASPER,44,2025-09-03,False
ARTEMIS,9317949,17/10/2024,Gabon,DJI,XIWANG,45,2024-12-01,False
THYA,9283289,09/05/2025,Panama,COM,DUSK,45,2025-06-23,False
INDUS 1,9360415,09/05/2025,Panama,PLW,INDUS 1,45,2025-06-23,False
XING CHEN,9550682,09/05/2025,Panama,PLW,XING CHEN,45,2025-06-23,False
AQUARIUS II,9346873,09/05/2025,Panama,PLW,ELODIE I,45,2025-06-23,False
CHENG HE,9304629,17/06/2025,Panama,STP,CHENG HE,45,2025-08-01,False
AQUATICA,9299769,21/07/2025,Comoros,GMB,AQUATICA,45,2025-09-04,False
SWIFTSEA RIDER,9318539,17/12/2024,Honduras,TZA,SWIFTSEA RIDER,46,2025-02-01,False
LANG YA,9332781,17/12/2024,Panama,DJI,AQUA TITAN,46,2025-02-01,False
Blue Talu,9334557,09/05/2025,Panama,COM,BLUE TALU,46,2025-06-24,False
EAST 1,9240885,09/05/2025,,PLW,LONGEVITY 7,46,2025-06-24,True
JUNIA,9293155,17/12/2024,Panama,GMB,JUNIA,47,2025-02-02,False
SAATHI,9402732,09/05/2025,Panama,MWI,SEA JEWEL,47,2025-06-25,False
SANDHYA,9352195,09/05/2025,Panama,MWI,SANDHYA,47,2025-06-25,False
ALMOND,9385142,21/07/2025,Comoros,RUS,ALMOND,47,2025-09-06,False
ASYA ENERGY,9216298,26/09/2024,Palau,BES,EAST ENERGY,49,2024-11-14,False
ANDAMAN SKIES,9288693,17/12/2024,Honduras,TZA,ANDAMAN SKIES,49,2025-02-04,False
Blue,9236353,09/05/2025,Antigua and Barbuda,BEN,BLUE,49,2025-06-27,False
FURIA,9257802,20/05/2025,,SLE,FURIA,49,2025-07-08,False
OCEAN AUTUMN,9379052,17/06/2025,Panama,GMB,NOVA,49,2025-08-05,False
HIMALAYA,9314882,09/05/2025,Panama,PLW,RUNA,50,2025-06-28,False
MAINI,9319870,09/05/2025,,MWI,MAINI,50,2025-06-28,False
EMINENT,9383950,21/07/2025,Barbados,GMB,EMINENT,50,2025-09-09,False
FEARLESS,9513139,21/07/2025,Comoros,GMB,FEARLESS,50,2025-09-09,False
ECHO,9276030,21/07/2025,Barbados,GMB,ECHO,51,2025-09-10,False
HU PO,9319686,09/05/2025,Panama,MWI,HU PO,53,2025-07-01,False
RIGEL,9296406,09/05/2025,Panama,MWI,RIGEL,53,2025-07-01,True
LALIQUE,9247792,09/05/2025,Panama,MWI,CECILA,53,2025-07-01,False
CHEN LU,9404948,24/02/2025,Panama,DJI,CHEN LU,54,2025-04-19,True
TENDUA,9299862,09/05/2025,Panama,MWI,AMATRA,54,2025-07-02,False
VAYU 1,9290517,09/05/2025,Gabon,MWI,VAYU 1,54,2025-07-02,False
XUE SONG,9428358,09/05/2025,Gabon,MWI,SONA,55,2025-07-03,False
PREMIER,9577082,21/07/2025,Comoros,GMB,PREMIER,55,2025-09-14,False
VLADIMIR ARSENYEV,9901025,21/07/2025,Comoros,GMB,VLADIMIR ARSENYEV,55,2025-09-14,False
ZALIV BAIKAL,9360128,21/07/2025,Comoros,OMN,ZALIV BAIKAL,55,2025-09-14,False
SMYRTOS,9389100,15/10/2025,,CMR,SMYRTOS,55,2025-12-09,True
GENJI,9289738,09/05/2025,Gabon,COM,GENJI,56,2025-07-04,False
MARBLE,9323974,09/05/2025,,PLW,MARBLE,56,2025-07-04,False
KSENA,9232888,25/11/2024,Panama,GMB,AILAMA,57,2025-01-21,False
CHANDRA,9353125,09/05/2025,Panama,MWI,ADHARA,57,2025-07-05,False
SAPPHIRE,9309576,21/07/2025,Barbados,MLI,SILVER,57,2025-09-16,False
SPRING FORTUNE,9386536,20/05/2025,Panama,GMB,SPRING FORTUNE,58,2025-07-17,False
GURUDEV,9253234,09/05/2025,Panama,MWI,SATNA,59,2025-07-07,False
TRIUMPH,9344033,21/07/2025,,MLI,TRIUM,59,2025-09-18,False
JAGUAR,9354301,21/07/2025,Barbados,GMB,JAGGER,60,2025-09-19,False
JALDHARA,9304825,24/02/2025,Panama,GNB,JALDHARA,61,2025-04-26,False
CLYDE NOBLE,9282792,09/05/2025,Palau,ABW,AQUA LIVE,61,2025-07-09,True
ENIGMA,9333412,09/05/2025,Barbados,GMB,ENIGMA,63,2025-07-11,False
IMO 9305556 ('MARVEN'),9305556,16/06/2026,Cameroon,RUS,KRION,63,2026-08-18,False
PYTHON,9250531,25/11/2024,Cook Islands,CMR,PYTHON,64,2025-01-28,False
KELLY GRACE,9331141,25/11/2024,Barbados,STP,KELLY GRACE,64,2025-01-28,False
PACIFIC,9329667,21/07/2025,Comoros,GMB,PACIFIC,64,2025-09-23,False
GRIF,9332028,24/02/2026,,CMR,GRIF,64,2026-04-29,False
IMO 9337418 ('ATMOS'),9337418,16/06/2026,,RUS,TSIRKON,64,2026-08-19,False
MAISHA,9232929,09/05/2025,,BEN,MAISHA,66,2025-07-14,True
BRIONT,9252955,24/02/2026,,CMR,BRIONT,66,2026-05-01,False
SAI BABA,9321691,17/10/2024,Gabon,DJI,LAHAR,67,2024-12-23,False
THANE,9237228,09/05/2025,San Marino,COM,SOMA,67,2025-07-15,True
MAISAN,9289776,09/05/2025,,BEN,MAISAN,67,2025-07-15,False
SYMPHONY,9309588,21/07/2025,Comoros,GMB,SYMPHONY,67,2025-09-26,False
VELMAR,9832547,21/07/2025,Barbados,GMB,VELMAR,67,2025-09-26,False
VOYAGER,9843560,21/07/2025,Comoros,OMN,VOYAGER,67,2025-09-26,True
HUANG HE,9306627,09/05/2025,Panama,BEN,WU TONG,68,2025-07-16,False
RUBY CROSS,9350654,21/07/2025,Comoros,ZWE,RUBY CROSS,69,2025-09-28,False
INA,9308443,09/05/2025,Antigua and Barbuda,BEN,INA,70,2025-07-18,False
MISSONI,9296810,20/05/2025,Panama,AGO,NAVISTAR,70,2025-07-29,False
MERU,9187227,21/07/2025,Comoros,GMB,MERU,70,2025-09-29,False
PRAVASI,9409467,24/02/2025,Gabon,GIN,PRAVASI,72,2025-05-07,False
SIRIUS,9422445,21/07/2025,Comoros,OMN,RESPECT,72,2025-10-01,True
TREND,9231509,09/05/2025,Barbados,GIN,CHIOS,73,2025-07-21,False
ALISSA,9273052,09/05/2025,Gabon,MLI,SOUFIA 1,73,2025-07-21,False
SIRIUS 1,9285847,12/09/2025,,,SHINE,73,2025-11-24,True
ATLAS,9413573,17/10/2024,Barbados,STP,ATLAS,74,2024-12-30,False
NURKEZ,9253325,17/12/2024,Panama,STP,ROSALIN,74,2025-03-01,False
PATHFINDER,9577094,21/07/2025,Barbados,OMN,GARNET,75,2025-10-04,False
SUN,9293117,21/07/2025,Antigua and Barbuda,,SUN,75,2025-10-04,False
OCEAN FAYE,9321689,17/12/2024,Honduras,TZA,OCEAN FAYE,76,2025-03-03,False
RICCA,9292577,20/05/2025,Panama,GMB,NEXUS,76,2025-08-04,True
DELVINA,9331153,25/11/2024,Barbados,STP,DELVINA,77,2025-02-10,False
MITZEL,9233741,21/07/2025,Comoros,GMB,MITZEL,77,2025-10-06,False
AURA MARIS,9347308,15/10/2025,Panama,CMR,AURA MARIS,77,2025-12-31,False
BAI LU,9388780,24/02/2025,Panama,STP,BAI LU,78,2025-05-13,False
PRUDENCE,9271585,21/07/2025,Comoros,RUS,KOMANDER,78,2025-10-07,False
JI SHUN,9384447,09/05/2025,Panama,SLE,JI SHUN,79,2025-07-27,True
BLACKSEA EAGLE,9495832,21/07/2025,Panama,BEN,PAXMARIS,79,2025-10-08,False
ZAMBRA,9175078,21/07/2025,Panama,GMB,ZAMBRA,79,2025-10-08,False
SAKINA,9530917,21/07/2025,Comoros,GMB,SAKINA,80,2025-10-09,False
AZURE CELESTE,9288722,17/10/2024,Cook Islands,TZA,AZURE CELESTE,82,2025-01-07,False
Wan Heng 11,8791667,30/03/2018,North Korea,PRK,KUMJINGANG3,83,2018-06-21,False
EASTERN PEARL,9285859,17/10/2024,Honduras,TZA,EASTERN PEARL,83,2025-01-08,False
SEZAR,9259991,09/05/2025,Panama,AGO,PERIDOT,83,2025-07-31,False
KUDOS STARS,9288710,17/10/2024,Cook Islands,TZA,KUDOS STARS,84,2025-01-09,False
PROMETEI,9296597,24/02/2026,Sierra Leone,SLE,PROMETEI,84,2026-05-19,False
TURBO VOYAGER,9299898,17/10/2024,Cook Islands,TZA,TURBO VOYAGER,85,2025-01-10,False
GAURI,9270749,09/05/2025,Barbados,PLW,BELA,85,2025-08-02,False
CETUS,9418482,20/05/2025,,GMB,CETUS,85,2025-08-13,False
NILANGA,9412452,24/02/2026,Sierra Leone,GNQ,NILANGA,85,2026-05-20,False
APATE,9433016,24/02/2026,,CMR,APATE,85,2026-05-20,False
ASHER,9258868,17/12/2024,Vietnam,COM,NOCTIS,86,2025-03-13,False
MD MIRANDA,9198290,09/05/2025,,TON,MD MIRANDA,86,2025-08-03,False
GOGLAND,9430210,17/06/2025,Palau,CMR,GOGLAND,86,2025-09-11,True
INDRAS,9314894,09/05/2025,Panama,SLE,INDRAS,87,2025-08-04,False
SAMIRA,9436006,21/07/2025,Comoros,GMB,SAMIRA,88,2025-10-17,False
HYPERION,9322968,21/07/2025,Comoros,GMB,HYPERION,88,2025-10-17,False
SINAR G,9323364,15/10/2025,Panama,CMR,SILVER ICE,88,2026-01-11,False
NEXT,9286023,20/05/2025,Guinea-Bissau,VUT,OPAL,89,2025-08-17,False
NOBLE,9333400,24/02/2025,Barbados,COM,NOBLE,91,2025-05-26,False
SURYA,9388742,24/02/2025,Djibouti,COM,FONDEYA,91,2025-05-26,False
LNG SOARS,9307205,24/02/2026,,PAN,LNG SCORPIO,91,2026-05-26,False
MOTI,9281011,17/12/2024,Djibouti,COM,DIANCHI,92,2025-03-19,False
NOVA ENERGY,9324277,26/09/2024,Panama,PAN,NOVA ENERGY,93,2024-12-28,False
ARIA,9397559,24/02/2025,Barbados,RUS,ARIA,93,2025-05-28,False
SAGA,9318553,21/07/2025,Barbados,GMB,SAGA,93,2025-10-22,False
TEAM,9292589,20/05/2025,Panama,VUT,LOGANO,94,2025-08-22,False
PROSPERITY,9322956,24/02/2025,Barbados,RUS,PROSPERITY,95,2025-05-30,False
DESTAN,9388766,24/02/2025,Panama,STP,DESTAN,95,2025-05-30,False
RU YI,9345623,24/02/2025,Panama,PLW,ELYTE,96,2025-05-31,False
DAPHNE I,9251456,09/05/2025,Panama,BEN,BOLTARIS,96,2025-08-13,False
SEALION I,9234501,09/05/2025,Panama,BEN,STABILIS I,96,2025-08-13,False
ARIA,9327360,21/07/2025,,GMB,MT CROCO,96,2025-10-25,False
TAI SHAN,9405057,09/05/2025,Panama,CMR,JUN TONG,97,2025-08-14,False
QUARTZ,9261401,15/10/2025,Palau,CMR,QUARTZ,97,2026-01-20,False
FACCA,9271951,17/12/2024,Panama,PLW,MOCHA,99,2025-03-26,False
SARA II,9301615,12/09/2025,,GIN,SIRTIC,100,2025-12-21,False
DAKSHA,9259185,25/11/2024,,COM,DAKSHA,101,2025-03-06,False
JUN MA,9353113,24/02/2025,Tanzania,GMB,JUN MA,101,2025-06-05,False
SULEYMAN I,9297371,25/11/2024,Panama,COM,DIVA 1,102,2025-03-07,False
LUCKY FAIRY,9348479,09/05/2025,Panama,GMB,LUCKY FAIRY,104,2025-08-21,False
KRASNOYARSK,9312896,25/11/2024,Russia,RUS,KRASNOYARSK,105,2025-03-10,False
SEABASS,9266750,21/07/2025,Barbados,CMR,SEAHORSE,105,2025-11-03,False
GANGA,9378620,24/02/2025,Djibouti,COM,DALVA,107,2025-06-11,False
TOREX,9257814,21/07/2025,Vanuatu,SLE,AKTROS,107,2025-11-05,False
YODAN,9304356,17/06/2025,Barbados,CMR,YODAN,108,2025-10-03,False
SOUL,9263203,09/05/2025,Guinea-Bissau,VUT,STORM PEARL,109,2025-08-26,False
STRATOS AURORA,9288708,17/10/2024,Honduras,COM,AURO,110,2025-02-04,False
OASIS,9265756,09/05/2025,,GMB,SUNNY,110,2025-08-27,False
WILMA II,9247431,24/02/2025,Panama,MWI,REGAL I,116,2025-06-20,False
JI LI I,9384435,09/05/2025,Panama,RUS,BELOMOR,119,2025-09-05,True
FAST KATHY,9408205,17/12/2024,Honduras,COM,FAST KATHY,123,2025-04-19,False
PEGASUS,9276028,12/09/2025,Comoros,RUS,PEGASUS,125,2026-01-15,False
CHEETAH II,9222560,09/05/2025,Panama,BEN,CELERIX,126,2025-09-12,False
VALENTE,9288863,21/07/2025,The Gambia,CMR,SHERGAR,126,2025-11-24,False
OCEAN EMBRACE,9327372,24/02/2025,Djibouti,MWI,OCEAN AMBER,127,2025-07-01,False
WU TAI,9419151,09/05/2025,Panama,GMB,WU TAI,129,2025-09-15,False
OLIA,9268112,12/09/2025,The Gambia,MDG,ALBA,129,2026-01-19,False
MERCURY,9321706,21/07/2025,Gabon,RUS,LIDER,130,2025-11-28,False
SAINT,9263198,09/05/2025,Guinea-Bissau,VUT,NORDIMAR GALE,131,2025-09-17,False
ADONIA,9242223,12/09/2025,,TON,RENS,133,2026-01-23,False
ANTILA,9381744,12/09/2025,,RUS,ARKHITEKTOR,133,2026-01-23,False
PRS OCEAN,9276561,21/07/2025,The Gambia,CMR,SHENZHEN,134,2025-12-02,False
SAGITTA,9296822,17/12/2024,Panama,GUY,KATHIA,136,2025-05-02,False
VISION,9236016,15/10/2025,Antigua and Barbuda,CMR,TITAN,136,2026-02-28,False
ADITYA,9323314,24/02/2026,Cameroon,RUS,MIMOZA,137,2026-07-11,False
SAMUDRA,9337901,24/02/2025,Djibouti,PLW,RIMMA,138,2025-07-12,False
AS CALCUTTA,9037123,24/02/2026,Panama,NIC,CUTTA,139,2026-07-13,False
DANSHUI,9589750,21/07/2025,Comoros,RUS,STRATEG,140,2025-12-08,False
DEYNA,9299903,21/07/2025,,TON,DEYNA,140,2025-12-08,False
VELIKIY NOVGOROD,9630004,17/10/2024,Barbados,COM,VALERA,141,2025-03-07,True
LAURYN,9259599,12/09/2025,,RUS,AKKORD,142,2026-02-01,False
SORION,9274446,12/09/2025,,RUS,ADMIRAL,142,2026-02-01,False
CALLISTO,9299692,17/10/2024,Barbados,COM,CALLISTO,143,2025-03-09,False
TOPAZ,9292034,12/09/2025,Comoros,RUS,TOPAZ,144,2026-02-03,False
AULIS,9233765,12/09/2025,,MOZ,PAZ,147,2026-02-06,False
MA JIN,9346744,24/02/2025,Panama,SLE,MA JIN,148,2025-07-22,False
APUS,9299745,12/09/2025,,RUS,ALGORITM,154,2026-02-13,False
SARASWATI,9383869,24/02/2026,Cameroon,RUS,KEY,155,2026-07-29,False
LUMIN,9330599,24/02/2026,Cameroon,SLE,LUMIN,156,2026-07-30,False
BETTLE,9323338,12/09/2025,,RUS,ANEMON,159,2026-02-18,False
MAVERICK,9321562,24/02/2026,,RUS,MUSSON,159,2026-08-02,False
SCF LA PEROUSE,9849887,26/09/2024,Barbados,COM,LA PEROUSE,161,2025-03-06,False
AUGA,9381732,12/09/2025,,RUS,AKCENT,161,2026-02-20,False
UNITE,9308132,17/06/2025,Guinea-Bissau,MOZ,TEMPEST DREAM,163,2025-11-27,False
PICTOR,9322827,12/09/2025,,RUS,ANTARES,166,2026-02-25,False
ZALIV ANIVA,9418494,11/09/2024,Panama,COM,ZALIV ANIVA,167,2025-02-25,True
MULAN,9864837,17/10/2024,Panama,IRL,MULAN,168,2025-04-03,False
RAGNAR,9384095,20/05/2025,Palau,SLE,RAGNAR,169,2025-11-05,False
JUMBO,9290335,24/02/2025,Gabon,SLE,JUMBO,173,2025-08-16,False
VELORA,9290373,24/02/2026,Sierra Leone,RUS,RAVELIN,174,2026-08-17,False
JI XIANG,9384459,24/02/2025,Panama,RUS,ONEGA,180,2025-08-23,True
EVEREST ENERGY,9243148,17/10/2024,Palau,RUS,ARCTIC METAGAZ,183,2025-04-18,False
JEWEL,9419450,24/02/2026,Panama,RUS,MORGANIT,183,2026-08-26,False
GARUDA,9272931,24/02/2026,Sierra Leone,RUS,GERAN,184,2026-08-27,False
SENSUS,9296585,12/09/2025,,RUS,ASTRA,185,2026-03-16,False
SEA FIDELITY,9285835,17/10/2024,Cook Islands,COM,SEA FIDELITY,189,2025-04-24,False
OTLA,9299719,20/05/2025,Comoros,ZWE,OTLA,190,2025-11-26,False
BOLOGNIA FALCON,9255244,21/07/2025,Panama,CMR,WHITE CONDOR I,191,2026-01-28,False
MILEY,9314818,12/09/2025,,RUS,ALYSSUM,195,2026-03-26,False
Rung Ra 2,9020534,28/12/2017,North Korea,PRK,PAEK YANG SAN,196,2018-07-12,True
PIONEER,9256602,26/09/2024,Palau,BES,SPUTNIK ENERGY,196,2025-04-10,False
CORTEX,9291250,20/05/2025,Comoros,MOZ,CORTEX,196,2025-12-02,False
SAHARA,9322267,12/09/2025,,RUS,ASGARD,202,2026-04-02,False
NORTH SKY,9953523,26/09/2024,Panama,RUS,IRIS,203,2025-04-17,False
SAGAR VIOLET,9292981,17/12/2024,Palau,ABW,NOBLE WALKER,205,2025-07-10,False
SEA OWL I,9321172,15/10/2025,Comoros,CMR,SEA OWL I,205,2026-05-08,False
UNITY,9388792,24/02/2025,Russia,LSO,UNITY,207,2025-09-19,False
PONE,9306562,17/06/2025,Guinea-Bissau,CMR,RHEIN,211,2026-01-14,False
ACHILLES,9368223,24/02/2025,Panama,OMN,ACHILLES,213,2025-09-25,False
SERENADE,9318541,21/07/2025,Comoros,RUS,SERENADE,220,2026-02-26,False
ZALIV AMURSKIY,9354313,31/07/2024,Panama,COM,ZALIV AMURSKIY,221,2025-03-09,False
ONYX,9236640,21/07/2025,,RUS,AZALEA,223,2026-03-01,False
MANDALA,9299135,15/10/2025,Liberia,CMR,MANDALA,223,2026-05-26,False
FREYA,9238052,12/09/2025,,ZWE,FREYA,229,2026-04-29,False
LIBERTY,9339325,31/07/2024,Barbados,OMN,LEVEL,238,2025-03-26,False
BUDDHA,9283306,21/07/2025,Antigua and Barbuda,GNQ,FINA A,243,2026-03-21,False
LAUREN II,9258521,12/09/2025,,GUY,RAMONA I,250,2026-05-20,False
SPRING,9315446,21/07/2025,,GNQ,ENDLESS,254,2026-04-01,False
VIEW,9271327,21/07/2025,,GNQ,APPLE,254,2026-04-01,False
HUIHAI ATLANTIC,9312872,21/07/2025,,RUS,PROVIDER,258,2026-04-05,False
SEAL,9263186,09/05/2025,Guinea-Bissau,CMR,SOUTH STAR,261,2026-01-25,False
HENG TAI,9419448,21/07/2025,,RUS,FORWARDER,268,2026-04-15,False
TORX,9311610,15/10/2025,Panama,GNQ,TORX,274,2026-07-16,False
GRINCH,9288851,21/07/2025,Comoros,RUS,TRANSFORMER,276,2026-04-23,False
AVRIL,9322839,12/09/2025,,RUS,AVANGARD,276,2026-06-15,False
ELISE,9277747,09/05/2025,Palau,CMR,ELISE,278,2026-02-11,False
ZEVS,9168946,21/07/2025,Cameroon,GNQ,ZEVS,279,2026-04-26,False
OLAF 1,9224465,21/07/2025,Comoros,PAN,OLAF 1,281,2026-04-28,False
HS GLORY,9249087,12/09/2025,,RUS,AKVILON,283,2026-06-22,False
MARS 6,9384992,15/10/2025,Panama,RUS,SAPFIR,304,2026-08-15,False
ANATOLY KOLODKIN,9610808,25/11/2024,Russia,RUS,ANATOLY KOLODKIN,306,2025-09-27,False
JI HANG,9281009,15/10/2025,Panama,RUS,BIRYUZA,308,2026-08-19,False
KRUGER,9412995,21/07/2025,,RUS,ATLANT,324,2026-06-10,False
FELIKS,9459242,17/06/2025,Sierra Leone,SLE,FELIKS,339,2026-05-22,False
RANGLER,9206671,21/07/2025,Cameroon,GNQ,BRISK,347,2026-07-03,False
FRUNZE,9263643,21/07/2025,,ZWE,FRUNZE,356,2026-07-12,False
Fuga Bluemarine,9235725,09/05/2025,The Gambia,CMR,BLACK MARLIN,385,2026-05-29,False
MALAK,9378632,21/07/2025,Comoros,RUS,SINTEZ,395,2026-08-20,False
JAMES II,9253909,20/05/2025,Palau,SLE,RIKER,405,2026-06-29,False
VALOUR,9410894,25/11/2024,Guinea,RUS,AKSEL,413,2026-01-12,False
YI TONG,9259733,09/05/2025,Panama,SLE,CAVELA,415,2026-06-28,False
NARCISSUS,9232931,09/05/2025,,RUS,MONOLIT,429,2026-07-12,False
Shang Yuan Bao,8126070,30/03/2018,Panama,VCT,SHANG YUAN BAO,474,2019-07-17,True
HS EVERETT,9410870,25/11/2024,,RUS,AKHILL,491,2026-03-31,False
Paek Ma,9066978,30/03/2018,North Korea,,PAEK MA,547,2019-09-28,False
Tong San 2,8937675,03/10/2017,North Korea,BHS,TN,1529,2021-12-10,False
New Regent,8312497,30/03/2018,Panama,PRK,SONGWON2,1642,2022-09-27,False
Petrel 8,9562233,03/10/2017,Comoros,NIU,PETREL 8,1732,2022-07-01,False
Chon Ma San,8660313,30/03/2018,North Korea,PRK,CHON MA SAN,2859,2026-01-26,False
